epochs_part,h_1,h_2,h_3,h_4,h_5,h_6,h_7,h_8,h_9,h_10
1,-10.2836279181,-5.78855819092,7.87544333914,4.91979101703,6.00255304808,16.2304583776,14.0687138981,21.0391734061,18.7051420014,13.5058491385,
2,-7.30871337591,-4.42632418106,7.42410024955,6.06626423814,5.13065085213,15.5306532295,13.7306957301,19.803755187,18.4066317727,12.2236930148,
3,-6.05744396647,-3.80038210247,7.43298281701,6.15304872216,4.64975977746,15.1318723165,13.2447652967,18.7449205887,18.0661974823,11.2606903734,
4,-4.96711447404,-3.17176830083,7.32143453029,5.7499995294,4.20104667574,14.559774528,13.1395090118,18.2148181408,17.639270959,10.5034321101,
5,-5.19448422856,-3.54187783036,6.93093037695,5.40598400251,4.14695745229,14.6907990038,13.2912996177,17.8912215197,17.2386398204,9.6428745546,
6,-6.71926198527,-4.01549169111,4.75661488446,5.11576898161,5.23614030247,13.9925702451,13.9762247838,16.1404448695,15.1406682816,8.32531678284,
7,-6.38088148885,-3.5435083329,5.48673514882,6.16818175334,6.41852145884,15.4486311767,14.8925890833,17.792210186,15.5036038006,9.6394241032,
8,-5.46336378766,-2.71945245106,6.23726429358,7.27599648361,7.67832488901,16.4957731623,16.1777774824,18.8517880992,16.756971196,10.9416738347,
9,-4.24133011294,-1.94913641632,6.97368551008,8.19785852936,8.55987807162,17.1977033565,17.042336137,19.599511853,17.5061162355,11.735197433,
10,-3.69793987313,-1.24092877876,7.71316460942,8.95903369994,9.03129272047,17.4749207771,17.2798911279,19.9405122783,17.7274191273,12.154739037,
11,-4.60536435297,-1.04897284644,7.82805137067,9.31983572042,9.16981600844,16.9852541988,16.6571589229,19.5554499188,17.0602909984,12.0876110514,
12,-4.45853770399,-0.49054325848,8.05446316319,9.54333984919,9.34377756182,16.7663186265,16.3605750972,19.4464544011,16.4966265657,11.8822178459,
13,-4.19988616201,-0.310974818112,7.89460619547,9.43367896785,9.29932031073,16.5077351797,16.3067121074,19.3153474059,16.2436701276,11.8316554081,
14,-4.29201963524,-0.0841650590889,8.02091019072,9.63245731911,9.3880287611,16.3793485427,16.240351235,19.3203222834,16.1161799811,11.8059821322,
15,-4.35947936873,0.131050792832,8.20126350981,9.82566866239,9.34226114601,16.1039427069,16.0232216919,19.1711165243,15.8733262781,11.5579144465,
16,-4.41886332955,0.294536691448,8.24214780416,9.97308986997,9.35860552932,15.8199097022,15.955035168,18.9263145476,15.5443453363,11.2632398666,
17,-4.3470500668,0.726459847778,8.67237256189,10.3671740478,9.46327549725,15.7115034879,16.0118118959,18.9765997775,15.5053276598,11.0888705701,
18,-4.35013444119,0.927727819514,8.64253305206,10.5749691917,9.75650440329,15.7224175059,16.3894145932,18.9318743539,15.3751065243,10.9791631088,
19,-4.30889505591,1.17319438412,8.64206860232,10.6399706562,9.8188034374,15.5312863764,16.4909905192,18.73992778,15.127936722,10.7242129509,
20,-4.11311454902,1.47827356246,8.65433359219,10.7344912808,9.93138359004,15.3997606829,16.5992892918,18.558034602,15.0034434078,10.6685718213,
21,-4.10770906083,1.53779494662,8.55478924162,10.8456212092,10.1390027699,15.4079352991,16.833159734,18.4117650466,14.8034910566,10.5556644982,
22,-4.17238202271,1.46862192856,8.57948372448,11.3527858051,10.8838380523,16.0435684259,17.6940252037,18.8317526303,15.0696169026,10.8865851938,
23,-4.43387313166,1.61144653083,8.90079511916,11.9831938899,11.5393456537,16.6968043268,18.6180383784,19.3993547386,15.421267992,11.2206067691,
24,-4.7346191898,1.22925895968,8.34530447838,11.9209435393,11.9141108581,17.1554751278,19.3807297931,19.7909555627,15.7168128996,11.6796290223,
25,-4.52143605745,1.40254207936,8.26839497035,12.0930443553,12.3611151164,17.6393641547,20.0244144525,20.1444870848,16.0262576573,12.0926721562,
26,-4.15281654976,1.73775091541,8.47258356199,12.3312054146,12.545047023,17.7780735117,20.2736169746,20.3628316925,16.3114711382,12.4663912379,
27,-3.76524356046,1.94493665534,8.40180889587,12.3021842009,12.5826635247,17.8163542321,20.4388464266,20.5250725977,16.592686807,12.8718676706,
28,-3.47155305882,2.05273495933,8.29462166268,12.2500931627,12.5968480732,17.8264840672,20.5315074195,20.6434430181,16.8285005297,13.2300443692,
29,-3.26937590767,2.09792003029,8.10669960917,12.0800302702,12.4844813752,17.68534025,20.4370103203,20.5396582357,16.8329812221,13.394998424,
30,-3.86351737207,1.5773771577,7.5229063911,11.5502793712,11.9515508583,17.0844907573,19.7594901942,20.01572851,16.6705663906,13.6041365359,
31,-3.54595849323,1.42695838849,6.89888001765,11.0888110379,11.7944242733,17.0631166902,19.9120619408,20.2917324954,17.1052228992,14.295091706,
32,-2.93386090067,1.64341669567,6.80215357301,11.0132703548,11.7319547282,16.9131363444,19.658905667,19.9690749991,16.9245586627,14.4725204668,
33,-2.90053797567,1.83817121785,7.05899841722,11.1718752668,11.6043968747,16.5701960786,19.2190653904,19.4883301234,16.4547717347,14.1765516012,
34,-2.94239041215,1.70192333849,6.71717453303,10.8897163181,11.4082822806,16.2965116167,18.953470369,19.2971637701,16.4500757047,14.4406094826,
35,-2.25124405028,2.40630828437,7.27714462552,11.1289169703,11.1833878168,15.6851336974,18.0250313747,18.0959284246,15.0877410534,13.0871945504,
36,-2.18606542226,2.31258931399,6.89875620789,10.78891963,10.9495563616,15.3904258709,17.705475417,17.8480963824,14.9862229889,13.1533533149,
37,-2.10452391631,2.28990345377,6.62152114122,10.4937073688,10.6923516183,15.059614344,17.3105860768,17.4695069867,14.7262647298,13.0168771695,
38,-2.01006151471,2.36483454107,6.56671552272,10.468650043,10.6815950589,14.9659062947,17.1725697122,17.3782386511,14.7840089232,13.1904451508,
39,-1.96186087867,2.18956487281,6.11296018226,10.047113728,10.4823277038,14.8106585702,17.0105452857,17.3601770319,15.0273659163,13.6513443,
40,-1.64592285138,2.52169391534,6.22488504228,9.92615886363,10.2744573696,14.5178639019,16.6054745624,16.9003737522,14.5694920495,13.2230748106,
41,-1.44557097956,2.68946750096,6.224985084,9.82724432187,10.231269972,14.4824279288,16.5130975365,16.7958782597,14.5290055128,13.2294218019,
42,-1.31365084224,2.80991229841,6.21714728427,9.76056664956,10.2181505884,14.4577981121,16.4392780798,16.7594444941,14.5884568291,13.3698408625,
43,-1.16534811606,2.9023889174,6.17170143299,9.67322030384,10.2175048768,14.5008418303,16.4507265598,16.7847604819,14.6623277748,13.4835083045,
44,-1.0494625267,2.99577154434,6.14637118424,9.57850341898,10.1831515596,14.5026967926,16.4262305682,16.7728764156,14.7052118497,13.575551804,
45,-0.925818653914,3.12897903687,6.16662937981,9.51040116535,10.1337346455,14.4681804476,16.3647250905,16.7166883118,14.7129234331,13.6550287561,
46,-0.845141516686,3.19121089529,6.11382088063,9.41584059556,10.1105614147,14.5161965439,16.4132356291,16.763810856,14.7625336202,13.7004544365,
47,-0.764077188378,3.27410428352,6.08643955879,9.29208569704,9.99535709765,14.4299427843,16.3208715157,16.6938927211,14.7446634149,13.7353102094,
48,-0.685336498417,3.37182563744,6.1028906272,9.24169143329,9.95796341424,14.4206933258,16.3125358898,16.6940977253,14.7818312745,13.7863974716,
49,-0.63708346908,3.45613155418,6.11726684496,9.21010266176,9.94672294891,14.4315124887,16.3235295257,16.7210630465,14.8333741425,13.8706213445,
50,-0.590045462311,3.55509936643,6.16197010542,9.18522704477,9.90027025758,14.3985228177,16.3004779849,16.7149554746,14.8545484202,13.9136584392,
51,-0.555142368081,3.64305940638,6.19770576114,9.16829701811,9.90147081815,14.4374856646,16.3510595371,16.7940318172,14.9965831454,14.1013983495,
52,-0.441294080858,3.76453743714,6.23835040606,9.12147301857,9.82870117719,14.3448340314,16.2348204664,16.6754279236,14.9179992636,14.0709003715,
53,-0.439015862857,3.80697181452,6.232583289,9.09741098511,9.86477914266,14.4586371196,16.3758299877,16.8271774636,15.0638673329,14.1958848755,
54,-0.339211746446,3.91629628818,6.23206385931,9.01271207643,9.78858499129,14.4074388933,16.3060203549,16.7231026928,14.9880966965,14.1729058386,
55,-0.261885282103,3.97131378251,6.21890220322,8.9413324458,9.72767085415,14.3754746842,16.2831894713,16.7188955937,15.0143881651,14.2345780681,
56,-0.263313066826,4.05348519332,6.28315396802,8.97314125453,9.75043033041,14.4190161633,16.3360402077,16.7877601235,15.0930873051,14.2957003534,
57,-0.0878143140683,4.30729043941,6.48188672736,9.07945688689,9.89551780697,14.5817134723,16.4467800231,16.8503274491,15.2033000977,14.4883532661,
58,-0.180802712748,4.2212828058,6.37236866823,8.96636145086,9.72916050977,14.3877661592,16.2814250015,16.7259543547,15.0668767479,14.3214899046,
59,-0.15065770845,4.18296731428,6.24854712081,8.80102498051,9.61335931324,14.3417013683,16.2810955103,16.7664062313,15.1598371936,14.4589565166,
60,-0.133725818006,4.25975126455,6.28862319647,8.79784675907,9.60203712585,14.3550580867,16.3157670144,16.8225556991,15.2285077887,14.5398743805,
61,-0.113813695625,4.31569441416,6.31681997128,8.79642213119,9.59769633548,14.3594896019,16.3375569341,16.8691782547,15.31870607,14.6632452945,
62,-0.274768022188,4.1532810873,6.08965442373,8.58322076833,9.48344710572,14.3356695234,16.3765906379,17.0305521317,15.6430988685,15.1054914437,
63,-0.0755922485839,4.39363351755,6.29593106611,8.68102355271,9.48130768879,14.2833958119,16.2990952405,16.8705869645,15.3864431092,14.8022292657,
64,0.109774605266,4.68888171664,6.58235075421,8.8698830954,9.62791657418,14.4073644937,16.3735057642,16.9067945881,15.4423393701,14.9037489989,
65,-0.20688925992,4.35748624623,6.20312091604,8.57576908009,9.43364088608,14.3021686342,16.3861470467,17.0843603588,15.7608609187,15.2896773562,
66,-0.202384504634,4.34601249146,6.14082015995,8.46480520728,9.33143718479,14.251663232,16.3704525708,17.083864454,15.7637035847,15.2946578271,
67,0.0982413352421,4.69000952593,6.47407341575,8.67130063646,9.48424500753,14.3748092483,16.4305846373,17.0346269577,15.6369721877,15.1478172794,
68,-0.0784034018155,4.62426732554,6.42262792753,8.64095185666,9.36801356786,14.1770501011,16.231965479,16.8546263688,15.4500210389,14.933656481,
69,0.0537040411963,4.85440756071,6.64952712009,8.77716541624,9.48282164249,14.3058121715,16.3538666402,16.95735184,15.5827897182,15.113288369,
70,-0.200648441644,4.52061474464,6.25094900035,8.42646426818,9.19822031355,14.1059342459,16.2527258361,16.9574074362,15.6503841227,15.2061763777,
71,-0.109150193942,4.71705146865,6.47090703246,8.58962616631,9.29018575987,14.1550709332,16.2831241854,16.9514890041,15.5813095362,15.0904275128,
72,-0.282220388401,4.53592826822,6.25866183503,8.39509891929,9.17127121302,14.1244391366,16.3282652351,17.0891415923,15.8438589297,15.4302314806,
73,-0.279316686401,4.53324892533,6.23226242251,8.34745448929,9.11972222218,14.0831236847,16.2821933059,17.0373903935,15.7823811055,15.3770115996,
74,-0.290559839821,4.57892068506,6.26837832883,8.34384276138,9.08467464929,14.0453075816,16.2599436765,17.0232281585,15.7806508341,15.399636784,
75,-0.3180470847,4.6811718541,6.3955883761,8.46667202228,9.1498459338,14.0568131522,16.2437456118,17.0009341914,15.7564324999,15.3711164036,
76,-0.0952549234182,4.94130732526,6.61648048259,8.60071076793,9.18579875086,13.9846814769,16.0388965368,16.6025263068,15.1888910605,14.7345824488,
77,-0.268225508352,4.7997079979,6.44393438942,8.44828985378,9.11114373025,13.9873649025,16.1015003482,16.7602600266,15.4737158253,15.085422144,
78,-0.285513174369,4.81779437489,6.46217289788,8.4735860545,9.16525538874,14.0871233572,16.2396902438,16.9091806473,15.5966481838,15.1587290936,
79,-0.369635714529,4.76424597559,6.41059613402,8.39431083497,9.05922314691,13.9720204647,16.1344487182,16.8094421958,15.5038383703,15.0736823672,
80,-0.429387123831,4.7324978691,6.35295081369,8.31731240824,8.96372671753,13.8738906133,16.0427159211,16.7177391225,15.4239600273,14.9976131528,
81,-0.242085144777,5.08327877237,6.73410123096,8.63752610525,9.11117646495,13.8567253471,15.8895740962,16.4143678195,14.9576891789,14.429767527,
82,-0.315960354175,5.05338405353,6.6873460497,8.59275683709,9.0717234662,13.8337486738,15.8947782034,16.4755509639,15.0798426381,14.5796410768,
83,-0.145633927723,5.1300482629,6.71436032661,8.56909002734,9.05406010788,13.8556421747,15.9109860732,16.4468669213,15.0368065071,14.539024992,
84,-0.512015854437,4.80979013014,6.40528464035,8.33852360473,8.85705817206,13.7042834311,15.858599514,16.5246907796,15.2046478505,14.7441982779,
85,-0.532388371144,4.79862721538,6.37876710526,8.30975422272,8.80315104968,13.6397214999,15.7923567866,16.4334461698,15.088765627,14.6181473388,
86,-0.588381189643,4.77503669216,6.37686323738,8.29683090937,8.77241270802,13.6026788459,15.767146859,16.4100784345,15.0602916034,14.5779298237,
87,-0.657425325572,4.71777192778,6.32524860761,8.23892597171,8.68449350566,13.4956193173,15.6561206228,16.2844841475,14.9101135977,14.4205596499,
88,-0.657374096772,4.73189588018,6.30321572593,8.20262951765,8.59991792051,13.3962080784,15.5477530565,16.1265479934,14.6844115167,14.1866043218,
89,-0.63847290478,4.82673540481,6.38739769225,8.28393302728,8.63350128836,13.4040766538,15.5398140267,16.0874679172,14.5830053624,14.0750677078,
90,-0.455875231348,4.90666921053,6.41420921337,8.26116247825,8.57129483598,13.3292123544,15.4607354183,16.0217151945,14.5531445025,14.1232417872,
91,-0.724272638582,4.79991474328,6.36620934426,8.30250609651,8.57005822842,13.2811584098,15.437526096,16.0146205055,14.4784073525,13.9922007315,
92,-0.74382005745,4.76533698994,6.32099295366,8.26824998264,8.49991119913,13.1862006209,15.3643756358,15.9632305862,14.4128791837,13.9151855149,
93,-0.764122037228,4.77252264615,6.35671961087,8.33516586687,8.5383018459,13.2006631944,15.3955162331,16.0066541838,14.4335123224,13.9147709142,
94,-0.769721129221,4.71623952937,6.26892828764,8.25865350696,8.45665144079,13.1237474138,15.3320439948,15.955387124,14.3799650935,13.8642339389,
95,-0.757247349278,4.91202240966,6.54128471552,8.53209952041,8.64294769544,13.2283254947,15.3854221698,15.9800307912,14.3685733297,13.8333951228,
96,-0.767046227681,4.84872537573,6.43731522688,8.45115461807,8.59406260723,13.2330725209,15.4381100276,16.053566946,14.4314584753,13.8835188845,
97,-0.712161255151,4.9306298699,6.54004242056,8.51506025592,8.54937136479,13.107832322,15.2675709075,15.8441719671,14.1562268687,13.5729530741,
98,-0.700681310533,4.91330594373,6.49171052452,8.46062492945,8.49012926574,13.072844391,15.2648274283,15.8526964385,14.1428509347,13.5583742346,
99,-0.735868900906,4.96687943604,6.61653931011,8.61293126099,8.58109918033,13.1057875505,15.2851503255,15.8759496808,14.1959806247,13.6120464557,
100,-0.721626088916,5.03397207326,6.7017181202,8.6958351713,8.6016725656,13.1022496407,15.2849074669,15.859608124,14.1417549166,13.5381092184,
